category,week_start,platform_median_price,platform_p25_price,platform_p75_price,category_demand_index,festival_week,campaign_week
soap,2025-06-02,173,138,211,0.878,0,0
soap,2025-06-09,172,138,210,0.884,0,0
soap,2025-06-16,171,137,208,0.905,0,0
soap,2025-06-23,173,139,212,0.925,0,0
soap,2025-06-30,171,137,209,0.915,0,0
soap,2025-07-07,173,138,211,0.929,0,0
soap,2025-07-14,174,139,212,0.94,0,0
soap,2025-07-21,174,139,212,0.942,0,0
soap,2025-07-28,175,140,213,0.935,0,0
soap,2025-08-04,174,139,212,0.991,0,0
soap,2025-08-11,174,140,213,0.982,0,0
soap,2025-08-18,174,139,212,1.012,0,0
soap,2025-08-25,177,142,216,1.012,0,0
soap,2025-09-01,178,142,217,1.103,0,0
soap,2025-09-08,176,141,215,1.142,0,0
soap,2025-09-15,178,142,217,1.081,0,0
soap,2025-09-22,177,142,216,1.405,1,1
soap,2025-09-29,174,139,212,1.384,1,1
soap,2025-10-06,179,144,219,1.633,1,1
soap,2025-10-13,177,142,216,1.574,1,0
soap,2025-10-20,179,143,218,1.563,1,0
soap,2025-10-27,180,144,220,1.314,0,0
soap,2025-11-03,172,138,210,1.178,0,0
soap,2025-11-10,180,144,219,1.212,0,0
soap,2025-11-17,175,140,214,1.186,0,0
soap,2025-11-24,179,144,219,1.154,0,0
soap,2025-12-01,175,140,214,1.108,0,0
soap,2025-12-08,178,142,217,1.072,0,0
soap,2025-12-15,178,143,218,1.102,0,0
soap,2025-12-22,179,144,219,1.124,0,0
soap,2025-12-29,176,140,214,1.069,0,0
soap,2026-01-05,180,144,220,1.096,0,0
soap,2026-01-12,179,143,219,1.108,0,1
soap,2026-01-19,180,144,219,1.095,0,0
soap,2026-01-26,179,143,219,1.126,0,0
soap,2026-02-02,180,144,220,1.031,0,0
soap,2026-02-09,180,144,219,1.002,0,0
soap,2026-02-16,181,145,221,1.025,0,0
soap,2026-02-23,179,143,218,1.026,0,0
soap,2026-03-02,180,144,219,1.194,1,1
soap,2026-03-09,175,140,214,1.008,0,0
soap,2026-03-16,180,144,220,0.967,0,0
soap,2026-03-23,181,145,221,0.987,0,0
soap,2026-03-30,180,144,220,0.967,0,0
soap,2026-04-06,178,143,218,0.931,0,0
soap,2026-04-13,179,143,218,0.937,0,0
soap,2026-04-20,177,142,216,0.965,0,0
soap,2026-04-27,184,147,224,0.963,0,0
soap,2026-05-04,183,146,223,0.881,0,0
soap,2026-05-11,177,142,216,0.906,0,0
soap,2026-05-18,185,148,225,0.906,0,0
soap,2026-05-25,187,150,228,0.919,0,0
soap,2026-06-01,183,146,223,0.896,0,0
soap,2026-06-08,181,145,221,0.869,0,0
soap,2026-06-15,184,147,224,0.887,0,0
soap,2026-06-22,184,147,224,0.912,0,1
soap,2026-06-29,184,147,225,0.892,0,0
soap,2026-07-06,186,149,227,0.968,0,0
soap,2026-07-13,184,147,224,0.961,0,0
soap,2026-07-20,183,147,223,0.959,0,0
soap,2026-07-27,185,148,226,0.959,0,0
soap,2026-08-03,185,148,225,0.995,0,0
soap,2026-08-10,189,151,231,1.002,0,0
soap,2026-08-17,187,150,228,0.991,0,0
soap,2026-08-24,185,148,226,1.245,1,0
soap,2026-08-31,180,144,220,1.014,0,0
soap,2026-09-07,189,151,231,1.07,0,0
soap,2026-09-14,186,149,227,1.121,0,0
soap,2026-09-21,187,150,229,1.114,0,1
tshirt,2025-06-02,330,264,402,1.162,0,0
tshirt,2025-06-09,327,262,399,1.159,0,0
tshirt,2025-06-16,330,264,402,1.093,0,0
tshirt,2025-06-23,330,264,403,1.14,0,0
tshirt,2025-06-30,326,261,398,1.129,0,0
tshirt,2025-07-07,324,259,395,0.993,0,0
tshirt,2025-07-14,325,260,396,1.006,0,0
tshirt,2025-07-21,331,265,404,0.988,0,0
tshirt,2025-07-28,329,263,401,0.979,0,0
tshirt,2025-08-04,327,262,399,0.958,0,0
tshirt,2025-08-11,325,260,396,0.925,0,0
tshirt,2025-08-18,328,263,400,0.968,0,0
tshirt,2025-08-25,330,264,402,0.97,0,0
tshirt,2025-09-01,319,255,389,0.891,0,0
tshirt,2025-09-08,321,257,392,0.897,0,0
tshirt,2025-09-15,325,260,397,0.897,0,0
tshirt,2025-09-22,324,259,395,1.038,1,1
tshirt,2025-09-29,322,257,392,1.016,1,1
tshirt,2025-10-06,327,261,399,1.201,1,1
tshirt,2025-10-13,322,257,392,1.193,1,0
tshirt,2025-10-20,326,261,397,1.161,1,0
tshirt,2025-10-27,323,259,394,1.039,0,0
tshirt,2025-11-03,312,250,381,0.947,0,0
tshirt,2025-11-10,321,257,392,0.931,0,0
tshirt,2025-11-17,320,256,391,0.935,0,0
tshirt,2025-11-24,321,257,392,0.962,0,0
tshirt,2025-12-01,316,253,386,0.791,0,0
tshirt,2025-12-08,322,258,393,0.783,0,0
tshirt,2025-12-15,314,251,383,0.785,0,0
tshirt,2025-12-22,320,256,390,0.794,0,0
tshirt,2025-12-29,314,251,383,0.816,0,0
tshirt,2026-01-05,318,255,388,0.791,0,0
tshirt,2026-01-12,317,254,387,0.814,0,1
tshirt,2026-01-19,319,255,389,0.775,0,0
tshirt,2026-01-26,317,254,387,0.787,0,0
tshirt,2026-02-02,317,254,387,0.89,0,0
tshirt,2026-02-09,320,256,390,0.899,0,0
tshirt,2026-02-16,318,254,387,0.89,0,0
tshirt,2026-02-23,321,257,391,0.913,0,0
tshirt,2026-03-02,315,252,384,1.187,1,1
tshirt,2026-03-09,321,256,391,1.064,0,0
tshirt,2026-03-16,317,253,386,1.032,0,0
tshirt,2026-03-23,318,254,388,1.06,0,0
tshirt,2026-03-30,314,251,383,1.037,0,0
tshirt,2026-04-06,318,254,388,1.197,0,0
tshirt,2026-04-13,314,251,383,1.19,0,0
tshirt,2026-04-20,315,252,385,1.163,0,0
tshirt,2026-04-27,320,256,390,1.227,0,0
tshirt,2026-05-04,316,253,385,1.209,0,0
tshirt,2026-05-11,315,252,384,1.21,0,0
tshirt,2026-05-18,313,250,382,1.277,0,0
tshirt,2026-05-25,318,255,388,1.264,0,0
tshirt,2026-06-01,318,254,388,1.142,0,0
tshirt,2026-06-08,317,254,387,1.125,0,0
tshirt,2026-06-15,313,251,382,1.149,0,0
tshirt,2026-06-22,315,252,384,1.16,0,1
tshirt,2026-06-29,317,254,387,1.138,0,0
tshirt,2026-07-06,316,252,385,0.979,0,0
tshirt,2026-07-13,317,253,386,0.972,0,0
tshirt,2026-07-20,316,252,385,0.997,0,0
tshirt,2026-07-27,313,250,381,1.012,0,0
tshirt,2026-08-03,309,247,377,0.932,0,0
tshirt,2026-08-10,311,249,379,0.915,0,0
tshirt,2026-08-17,308,246,375,0.951,0,0
tshirt,2026-08-24,309,247,377,1.08,1,0
tshirt,2026-08-31,304,243,371,0.977,0,0
tshirt,2026-09-07,313,250,381,0.859,0,0
tshirt,2026-09-14,306,244,373,0.891,0,0
tshirt,2026-09-21,306,245,373,0.911,0,1
