product_id,category,title,launch_week,launch_price,platform_median_at_launch,launch_vs_median,launch_position,listing_quality_score,current_listing_price,status,delist_week,weeks_live,total_orders,total_kept,total_returns,total_rto,review_count,final_rating,hidden_unit_cost_inr,hidden_free_gift_inr,hidden_seller_strategy,hidden_true_quality,hidden_launch_budget_inr,hidden_cumulative_contribution_inr
SP001,soap,Herbal bath soap #1,2025-11-03,189,178,1.064,above,42,189,delisted,26.0,26,49,37,6,6,4,3.5,86.68,0.0,cost_plus_stale,0.267,5151,1282.76
SP002,soap,Herbal bath soap #2,2026-07-20,139,184,0.756,below,56,139,active,,10,126,94,17,15,14,3.29,58.24,0.0,cost_plus_stale,-0.118,7265,1688.75
SP003,soap,Herbal bath soap #3,2025-12-01,179,178,1.006,at,71,189,active,,43,3753,3283,98,372,473,4.55,99.7,0.0,market,2.0,7483,99757.21
SP004,soap,Herbal bath soap #4,2025-09-08,209,175,1.192,above,73,209,active,,55,2224,1913,76,235,287,4.38,102.13,0.0,premium,1.411,7293,98463.3
SP005,soap,Herbal bath soap #5,2026-06-15,169,183,0.926,below,62,179,active,,15,125,99,11,15,17,3.65,90.41,0.0,investment,-0.492,3380,2145.92
SP006,soap,Herbal bath soap #6,2026-03-23,159,181,0.88,below,48,159,delisted,7.0,7,13,9,2,2,3,2.67,69.9,10.87,cost_plus_stale,-1.956,2222,2.67
SP007,soap,Herbal bath soap #7,2026-06-15,159,183,0.871,below,57,199,active,,15,181,153,9,19,30,3.93,85.9,0.0,investment,0.443,3671,5152.32
SP008,soap,Herbal bath soap #8,2026-01-26,199,180,1.108,above,67,179,delisted,30.0,30,79,68,8,3,19,2.95,65.89,14.22,premium,-0.738,2509,3041.9
SP009,soap,Herbal bath soap #9,2026-06-08,159,182,0.872,below,58,159,delisted,6.0,6,11,8,3,0,2,2.0,68.47,0.0,investment,-1.478,6727,38.28
SP010,soap,Herbal bath soap #10,2026-07-20,179,184,0.974,at,55,179,delisted,6.0,6,12,11,0,1,1,2.0,57.75,0.0,market,0.276,6609,880.03
SP011,soap,Herbal bath soap #11,2026-05-25,139,182,0.764,below,54,139,active,,18,57,37,11,9,13,3.08,64.77,0.0,cost_plus_stale,-2.0,2258,-250.79
SP012,soap,Herbal bath soap #12,2026-05-04,179,181,0.987,at,79,179,active,,21,961,818,40,103,122,4.04,74.85,10.64,market,0.595,4988,32999.74
SP013,soap,Herbal bath soap #13,2026-03-09,159,180,0.882,below,59,159,delisted,13.0,13,32,23,5,4,2,2.5,61.65,0.0,investment,-1.696,2382,646.69
SP014,soap,Herbal bath soap #14,2025-09-22,159,176,0.904,below,67,189,active,,53,2010,1741,90,179,229,4.29,75.28,0.0,investment,1.189,5175,105251.3
SP015,soap,Herbal bath soap #15,2026-04-13,279,181,1.541,above,65,279,delisted,6.0,6,6,6,0,0,1,5.0,117.5,11.38,cost_plus_stale,1.19,4495,641.0
SP016,soap,Herbal bath soap #16,2026-01-05,169,179,0.945,at,55,179,active,,38,164,125,20,19,16,3.94,93.9,10.09,market,-0.788,2092,-70.83
SP017,soap,Herbal bath soap #17,2025-11-10,179,178,1.007,at,68,179,active,,46,197,160,13,24,17,3.24,54.11,0.0,market,-0.278,5478,11281.32
SP018,soap,Herbal bath soap #18,2026-02-09,169,179,0.942,at,75,179,active,,33,1690,1457,78,155,222,4.17,83.86,0.0,market,1.024,4779,59989.98
SP019,soap,Herbal bath soap #19,2026-05-04,169,181,0.932,below,74,179,active,,21,69,57,11,1,10,3.0,64.03,0.0,market,-1.577,6490,2238.54
SP020,soap,Herbal bath soap #20,2025-10-27,189,178,1.062,above,51,179,delisted,30.0,30,82,68,4,10,7,3.43,106.38,0.0,market,0.686,2104,1602.29
SP021,soap,Herbal bath soap #21,2025-12-01,159,178,0.894,below,67,189,active,,43,1781,1510,76,195,226,4.27,99.88,0.0,investment,1.13,6264,46339.91
SP022,soap,Herbal bath soap #22,2025-12-29,169,179,0.946,at,66,169,delisted,9.0,9,24,20,3,1,4,2.75,76.21,0.0,market,-1.523,6223,656.23
SP023,soap,Herbal bath soap #23,2026-03-02,179,180,0.994,at,90,179,active,,30,4621,4103,101,417,593,4.59,101.75,0.0,market,2.0,5574,128663.06
SP024,soap,Herbal bath soap #24,2026-02-16,189,180,1.052,at,52,189,delisted,7.0,7,9,7,2,0,0,,106.74,0.0,market,-2.0,3232,-66.84
SP025,soap,Herbal bath soap #25,2026-06-29,199,183,1.088,above,69,199,active,,13,80,70,4,6,15,3.47,87.14,0.0,cost_plus_stale,-0.092,4630,4298.38
SP026,soap,Herbal bath soap #26,2026-03-09,179,180,0.993,at,64,179,active,,29,268,232,13,23,33,3.79,92.85,0.0,market,-0.052,5064,7446.92
SP027,soap,Herbal bath soap #27,2026-05-25,179,182,0.984,at,95,179,active,,18,2003,1728,84,191,242,4.21,126.73,0.0,market,1.101,3534,-1518.63
SP028,soap,Herbal bath soap #28,2025-09-22,179,176,1.018,at,74,179,delisted,14.0,14,1922,1670,47,205,244,4.59,156.81,0.0,market,1.986,6292,-66898.05
SP029,soap,Herbal bath soap #29,2026-01-26,139,180,0.774,below,47,139,active,,35,129,96,20,13,12,3.17,71.47,0.0,cost_plus_stale,-0.917,7213,-51.84
SP030,soap,Herbal bath soap #30,2026-03-16,179,180,0.992,at,37,189,active,,28,91,78,8,5,17,3.88,79.46,0.0,market,0.094,3517,3556.82
SP031,soap,Herbal bath soap #31,2026-01-05,169,179,0.945,at,60,189,active,,38,282,225,26,31,41,3.68,66.38,0.0,market,-0.111,4936,11710.88
SP032,soap,Herbal bath soap #32,2025-09-01,159,175,0.908,below,66,189,active,,56,458,387,38,33,52,3.77,87.72,0.0,investment,-0.617,5180,12480.63
SP033,soap,Herbal bath soap #33,2025-09-22,169,176,0.961,at,62,169,delisted,8.0,8,23,18,2,3,2,2.5,78.61,0.0,market,-0.767,6478,503.46
SP034,soap,Herbal bath soap #34,2025-10-27,159,178,0.894,below,64,179,active,,48,604,497,44,63,57,3.72,46.91,0.0,investment,0.066,4096,37245.52
SP035,soap,Herbal bath soap #35,2025-09-08,199,175,1.135,above,62,199,active,,55,771,654,44,73,102,4.15,80.46,12.27,premium,0.487,3823,30787.06
SP036,soap,Herbal bath soap #36,2025-11-03,169,178,0.952,at,70,179,active,,47,564,463,47,54,87,3.68,57.45,0.0,market,-0.322,5540,29211.75
SP037,soap,Herbal bath soap #37,2025-10-13,219,177,1.234,above,83,219,active,,50,3533,3099,102,332,429,4.57,143.02,0.0,premium,1.934,4997,70646.17
SP038,soap,Herbal bath soap #38,2026-07-27,219,184,1.19,above,49,219,active,,9,96,87,0,9,13,4.31,69.58,12.8,premium,1.963,6609,7983.02
SP039,soap,Herbal bath soap #39,2026-06-01,219,182,1.202,above,75,219,active,,17,228,192,9,27,29,4.07,88.41,10.09,premium,0.851,2345,12090.42
SP040,soap,Herbal bath soap #40,2025-10-20,179,178,1.007,at,50,179,delisted,7.0,7,11,9,2,0,1,2.0,60.58,0.0,market,-1.292,6460,477.88
SP041,soap,Herbal bath soap #41,2026-01-26,179,180,0.997,at,28,179,delisted,7.0,7,3,2,1,0,0,,81.97,0.0,cost_plus_stale,-2.0,6595,-24.94
SP042,soap,Herbal bath soap #42,2025-09-15,149,176,0.848,below,56,189,active,,54,476,392,32,52,50,3.9,49.71,0.0,investment,-0.071,2670,29047.52
SP043,soap,Herbal bath soap #43,2025-10-27,149,178,0.838,below,68,179,active,,48,2779,2385,105,289,346,4.25,79.38,0.0,investment,1.236,3341,108155.84
SP044,soap,Herbal bath soap #44,2026-04-20,149,181,0.822,below,74,149,active,,23,381,309,36,36,53,3.57,64.69,0.0,cost_plus_stale,-0.605,3960,9018.91
SP045,soap,Herbal bath soap #45,2026-05-18,159,182,0.875,below,62,159,delisted,17.0,17,37,26,7,4,7,2.86,62.48,0.0,investment,-2.0,7689,524.69
SP046,soap,Herbal bath soap #46,2026-04-13,149,181,0.823,below,72,199,active,,24,502,430,25,47,68,4.01,84.97,0.0,investment,0.378,4361,21584.71
SP047,soap,Herbal bath soap #47,2026-06-08,159,182,0.872,below,84,189,active,,16,682,571,44,67,84,3.99,82.08,14.45,investment,0.315,2492,15722.63
SP048,soap,Herbal bath soap #48,2026-06-01,169,182,0.928,below,64,169,active,,17,124,97,13,14,20,3.25,53.22,0.0,investment,-0.225,7774,5648.1
SP049,soap,Herbal bath soap #49,2026-04-06,159,181,0.879,below,60,159,active,,25,143,113,21,9,28,3.43,86.29,0.0,investment,-0.684,3223,399.68
SP050,soap,Herbal bath soap #50,2025-11-24,159,178,0.892,below,59,159,delisted,13.0,13,84,70,11,3,10,3.5,107.78,0.0,investment,-0.79,4729,-1315.53
SP051,soap,Herbal bath soap #51,2026-02-09,219,179,1.221,above,61,169,active,,33,136,115,7,14,24,3.25,98.51,0.0,premium,-0.65,4416,2168.71
SP052,soap,Herbal bath soap #52,2025-10-20,169,178,0.951,at,51,179,active,,49,361,324,16,21,49,3.92,112.68,14.28,market,0.183,5086,-1145.79
SP053,soap,Herbal bath soap #53,2026-01-12,179,179,0.999,at,51,179,active,,37,401,352,25,24,43,3.93,93.29,0.0,market,0.507,4661,11167.06
SP054,soap,Herbal bath soap #54,2026-07-27,189,184,1.027,at,59,189,active,,9,19,15,2,2,3,3.0,94.56,14.79,market,-0.622,4446,145.34
SP055,soap,Herbal bath soap #55,2026-03-16,179,180,0.992,at,58,179,active,,28,159,136,9,14,24,3.92,106.28,0.0,market,-0.044,4941,2734.04
SP056,soap,Herbal bath soap #56,2026-05-04,219,181,1.208,above,61,179,delisted,16.0,16,25,23,2,0,5,3.0,70.11,0.0,premium,-0.914,4264,1569.65
SP057,soap,Herbal bath soap #57,2026-06-01,219,182,1.202,above,54,189,active,,17,185,166,8,11,25,4.2,93.16,10.5,premium,0.77,4480,5825.92
SP058,soap,Herbal bath soap #58,2025-12-29,189,179,1.058,at,56,189,active,,39,256,227,14,15,37,3.78,68.12,12.52,cost_plus_stale,0.32,4519,13136.59
SP059,soap,Herbal bath soap #59,2026-03-09,179,180,0.993,at,67,179,active,,29,80,60,10,10,8,3.38,98.45,0.0,market,-0.81,4476,534.43
SP060,soap,Herbal bath soap #60,2026-06-29,209,183,1.142,above,45,179,active,,13,21,19,2,0,2,3.5,74.54,0.0,premium,-0.788,7331,1186.54
SP061,soap,Herbal bath soap #61,2025-09-08,169,175,0.963,at,84,179,active,,55,4922,4225,199,498,629,4.22,80.22,0.0,market,1.033,5948,176512.37
SP062,soap,Herbal bath soap #62,2026-04-06,149,181,0.824,below,50,149,active,,25,146,107,18,21,29,3.48,70.57,0.0,investment,-0.545,3055,1142.03
SP063,soap,Herbal bath soap #63,2026-03-16,209,180,1.158,above,61,209,delisted,10.0,10,36,31,3,2,4,3.25,80.77,11.3,premium,0.575,7371,1847.25
SP064,soap,Herbal bath soap #64,2026-05-25,189,182,1.039,at,71,189,active,,18,309,255,21,33,38,3.87,88.48,0.0,market,0.732,5178,11271.5
SP065,soap,Herbal bath soap #65,2026-05-18,159,182,0.875,below,65,159,active,,19,121,88,18,15,14,3.5,57.33,10.94,investment,-0.504,2830,1754.99
SP066,soap,Herbal bath soap #66,2025-12-15,169,178,0.948,at,58,169,active,,41,231,180,28,23,32,3.66,83.75,0.0,cost_plus_stale,-0.638,5197,3780.88
SP067,soap,Herbal bath soap #67,2026-03-30,219,181,1.211,above,37,179,delisted,6.0,6,4,3,0,1,0,,54.69,0.0,premium,-1.081,3796,303.54
SP068,soap,Herbal bath soap #68,2026-02-23,189,180,1.051,at,66,179,active,,31,343,293,21,29,34,3.85,86.53,0.0,market,0.352,4210,11249.93
SP069,soap,Herbal bath soap #69,2025-11-03,149,178,0.839,below,70,179,active,,47,1264,1050,81,133,164,3.94,118.17,0.0,investment,0.41,6279,-697.84
SP070,soap,Herbal bath soap #70,2026-01-12,179,179,0.999,at,51,179,delisted,15.0,15,32,21,6,5,1,3.0,66.92,0.0,market,-1.251,2455,410.38
SP071,soap,Herbal bath soap #71,2026-07-13,169,184,0.92,below,81,179,active,,11,309,251,27,31,44,3.89,54.86,0.0,investment,-0.084,2993,15265.27
SP072,soap,Herbal bath soap #72,2026-07-06,179,183,0.976,at,46,179,active,,12,38,28,6,4,3,4.0,68.92,14.05,cost_plus_stale,0.49,3120,576.0
SP073,soap,Herbal bath soap #73,2025-09-01,159,175,0.908,below,43,179,active,,56,447,370,30,47,51,4.08,100.1,0.0,investment,0.216,5257,5943.49
SP074,soap,Herbal bath soap #74,2026-01-19,159,179,0.887,below,63,179,active,,36,908,767,41,100,116,4.27,59.96,12.49,investment,0.805,6011,39135.94
SP075,soap,Herbal bath soap #75,2026-02-16,179,180,0.997,at,51,179,delisted,11.0,11,19,17,0,2,0,,71.15,0.0,market,-0.784,2696,878.61
SP076,soap,Herbal bath soap #76,2025-12-08,149,178,0.837,below,88,179,delisted,6.0,6,1312,1141,31,140,179,4.61,113.26,12.66,investment,2.0,4208,-8354.34
SP077,soap,Herbal bath soap #77,2026-06-15,189,183,1.035,at,74,189,active,,15,269,220,19,30,35,4.03,72.61,0.0,market,0.151,6339,13262.49
SP078,soap,Herbal bath soap #78,2026-07-13,159,184,0.866,below,66,159,active,,11,65,48,13,4,4,3.0,109.72,0.0,investment,-0.522,2380,-1764.14
SP079,soap,Herbal bath soap #79,2025-12-29,149,179,0.834,below,64,189,active,,39,667,569,36,62,89,4.04,89.74,0.0,investment,0.5,7962,21004.0
SP080,soap,Herbal bath soap #80,2026-03-16,149,180,0.826,below,50,149,active,,28,140,113,13,14,17,3.29,76.59,0.0,cost_plus_stale,-0.451,3047,1795.4
SP081,soap,Herbal bath soap #81,2026-02-16,149,180,0.83,below,87,189,active,,32,3970,3445,108,417,485,4.52,133.21,0.0,investment,1.852,4998,4436.43
SP082,soap,Herbal bath soap #82,2026-06-08,139,182,0.762,below,65,139,active,,16,73,55,10,8,15,3.13,56.95,0.0,cost_plus_stale,-1.581,4669,1089.21
SP083,soap,Herbal bath soap #83,2026-04-13,179,181,0.989,at,49,179,delisted,12.0,12,11,7,3,1,0,,102.34,0.0,market,-1.267,7722,-250.1
SP084,soap,Herbal bath soap #84,2025-11-17,189,178,1.062,above,64,179,active,,45,199,157,18,24,17,3.41,99.87,13.08,market,-0.567,2326,331.8
SP085,soap,Herbal bath soap #85,2025-09-08,169,175,0.963,at,61,189,active,,55,918,762,59,97,118,3.95,80.63,12.94,market,0.447,5674,19320.75
SP086,soap,Herbal bath soap #86,2025-09-22,179,176,1.018,at,49,179,delisted,7.0,7,10,5,3,2,1,2.0,89.89,0.0,cost_plus_stale,-1.689,6232,-256.72
SP087,soap,Herbal bath soap #87,2025-11-10,169,178,0.951,at,47,179,active,,46,876,748,33,95,103,4.29,68.37,0.0,market,1.033,2904,42157.5
SP088,soap,Herbal bath soap #88,2026-05-11,219,182,1.206,above,67,179,active,,20,43,35,2,6,5,3.0,100.75,0.0,premium,-0.85,5771,899.27
SP089,soap,Herbal bath soap #89,2026-05-11,189,182,1.041,at,61,189,active,,20,64,50,7,7,11,3.36,65.76,0.0,market,-1.166,3154,2887.68
SP090,soap,Herbal bath soap #90,2026-01-26,179,180,0.997,at,49,179,delisted,16.0,16,33,27,3,3,5,3.4,79.91,12.35,cost_plus_stale,-0.988,3963,718.0
SP091,soap,Herbal bath soap #91,2025-12-08,149,178,0.837,below,55,149,active,,42,300,234,32,34,32,3.47,71.1,0.0,cost_plus_stale,-0.907,2778,4333.01
SP092,soap,Herbal bath soap #92,2026-06-15,189,183,1.035,at,62,189,active,,15,276,230,10,36,27,4.07,78.38,13.2,market,1.299,3268,9778.48
SP093,soap,Herbal bath soap #93,2026-05-25,159,182,0.874,below,80,189,active,,18,262,214,15,33,36,3.75,83.92,0.0,investment,-0.284,2861,7934.15
SP094,soap,Herbal bath soap #94,2026-03-30,199,181,1.1,above,74,199,active,,26,434,335,35,64,57,3.91,115.84,11.82,premium,0.306,3414,-1237.14
SP095,soap,Herbal bath soap #95,2026-02-02,159,179,0.887,below,67,179,active,,34,519,439,35,45,58,3.86,59.71,0.0,investment,0.173,6307,25250.2
SP096,soap,Herbal bath soap #96,2025-10-13,219,177,1.234,above,71,179,active,,50,407,346,34,27,52,3.65,113.42,0.0,premium,-0.532,6081,1887.3
SP097,soap,Herbal bath soap #97,2026-01-05,159,179,0.889,below,54,159,active,,38,91,70,12,9,13,3.08,94.59,0.0,investment,-1.379,7735,-398.4
SP098,soap,Herbal bath soap #98,2026-01-05,209,179,1.168,above,63,209,active,,38,675,564,30,81,79,4.25,127.66,0.0,premium,1.015,4101,12828.34
SP099,soap,Herbal bath soap #99,2025-12-15,159,178,0.892,below,46,159,delisted,6.0,6,12,9,1,2,2,2.5,68.73,0.0,investment,-1.741,7308,285.6
SP100,soap,Herbal bath soap #100,2026-06-01,159,182,0.873,below,56,159,active,,17,63,47,9,7,8,3.5,88.11,0.0,investment,-1.258,3569,-220.71
SP101,soap,Herbal bath soap #101,2026-02-02,209,179,1.166,above,40,179,delisted,7.0,7,5,5,0,0,0,,82.38,0.0,premium,-1.459,6351,379.03
SP102,soap,Herbal bath soap #102,2025-10-20,179,178,1.007,at,47,179,delisted,18.0,18,47,42,1,4,8,3.5,92.43,0.0,market,-0.623,5067,1539.65
SP103,soap,Herbal bath soap #103,2025-12-15,179,178,1.004,at,63,189,active,,41,715,617,36,62,105,3.92,113.97,0.0,market,0.321,4472,7559.81
SP104,soap,Herbal bath soap #104,2026-06-15,219,183,1.2,above,58,219,delisted,6.0,6,8,8,0,0,2,3.0,114.06,0.0,cost_plus_stale,-1.253,6703,516.12
SP105,soap,Herbal bath soap #105,2026-05-25,179,182,0.984,at,59,179,active,,18,79,68,6,5,11,3.09,50.23,0.0,market,-0.782,7930,5085.68
SP106,soap,Herbal bath soap #106,2026-05-11,189,182,1.041,at,83,189,active,,20,479,392,36,51,55,3.87,52.11,0.0,market,-0.018,6531,31865.15
SP107,soap,Herbal bath soap #107,2025-11-03,219,178,1.233,above,62,179,active,,47,265,212,24,29,34,3.59,56.1,0.0,premium,-0.397,7918,14167.74
SP108,soap,Herbal bath soap #108,2026-01-12,139,179,0.776,below,40,139,active,,37,200,171,10,19,28,3.61,71.02,0.0,cost_plus_stale,-0.217,4035,3482.31
SP109,soap,Herbal bath soap #109,2026-07-13,159,184,0.866,below,53,199,active,,11,75,59,6,10,8,3.75,53.78,0.0,investment,-0.635,3456,3275.52
SP110,soap,Herbal bath soap #110,2026-05-04,159,181,0.877,below,98,159,active,,21,4831,4187,130,514,612,4.5,75.67,0.0,cost_plus_stale,1.87,3373,158530.05
SP111,soap,Herbal bath soap #111,2025-11-03,179,178,1.008,at,89,179,active,,47,1101,888,94,119,150,3.63,83.19,0.0,market,-0.288,2049,31031.9
SP112,soap,Herbal bath soap #112,2025-10-20,199,178,1.12,above,38,169,delisted,6.0,6,7,6,0,1,0,,65.41,0.0,premium,-2.0,6935,448.94
SP113,soap,Herbal bath soap #113,2025-12-08,149,178,0.837,below,77,149,active,,42,1992,1650,134,208,258,3.88,69.57,0.0,cost_plus_stale,0.16,7015,46245.47
SP114,soap,Herbal bath soap #114,2025-10-20,169,178,0.951,at,64,179,active,,49,1342,1147,74,121,177,4.08,116.4,0.0,market,0.737,3027,4273.81
SP115,soap,Herbal bath soap #115,2025-10-27,219,178,1.231,above,52,219,delisted,7.0,7,11,7,4,0,1,3.0,112.48,0.0,cost_plus_stale,-1.158,4481,-227.3
SP116,soap,Herbal bath soap #116,2026-03-23,169,181,0.936,below,51,169,active,,27,118,98,11,9,16,3.62,61.66,13.12,cost_plus_stale,-0.019,3570,3633.17
SP117,soap,Herbal bath soap #117,2025-10-13,149,177,0.839,below,92,189,active,,50,2465,2052,153,260,273,3.85,67.73,0.0,investment,0.356,3442,127639.55
SP118,soap,Herbal bath soap #118,2026-04-20,159,181,0.877,below,74,179,active,,23,1153,989,52,112,160,4.25,89.71,0.0,investment,0.999,4451,32606.04
SP119,soap,Herbal bath soap #119,2026-02-23,209,180,1.162,above,66,179,active,,31,175,144,9,22,23,3.48,98.02,0.0,premium,-0.264,6909,4091.78
SP120,soap,Herbal bath soap #120,2025-11-10,179,178,1.007,at,70,179,active,,46,468,382,43,43,65,3.82,91.41,0.0,cost_plus_stale,-0.191,2194,10944.78
SP121,soap,Herbal bath soap #121,2026-01-05,199,179,1.112,above,56,199,active,,38,1008,873,30,105,126,4.53,126.8,0.0,premium,1.625,4337,19812.2
SP122,soap,Herbal bath soap #122,2025-09-29,179,176,1.017,at,80,179,active,,52,3551,3004,157,390,440,4.2,85.42,0.0,market,0.91,4460,107548.98
SP123,soap,Herbal bath soap #123,2025-09-29,159,176,0.903,below,60,159,delisted,10.0,10,29,18,7,4,4,2.5,72.08,0.0,investment,-1.909,3804,-156.21
SP124,soap,Herbal bath soap #124,2025-09-22,199,176,1.132,above,56,199,active,,53,228,180,16,32,31,3.77,109.06,0.0,premium,-0.28,3418,4141.56
SP125,soap,Herbal bath soap #125,2025-11-17,179,178,1.006,at,65,179,active,,45,560,466,39,55,74,3.95,114.5,0.0,market,0.501,6026,3648.94
SP126,soap,Herbal bath soap #126,2026-02-23,179,180,0.995,at,78,189,active,,31,1434,1196,79,159,204,4.1,52.47,0.0,market,0.664,3588,92149.56
SP127,soap,Herbal bath soap #127,2026-04-13,189,181,1.044,at,63,189,active,,24,114,94,12,8,17,3.47,62.85,0.0,market,-0.462,3298,6102.23
SP128,soap,Herbal bath soap #128,2025-10-13,169,177,0.952,at,57,189,active,,50,1513,1320,46,147,186,4.27,101.05,10.83,market,1.268,6838,16409.52
SP129,soap,Herbal bath soap #129,2026-02-23,159,180,0.884,below,64,159,delisted,10.0,10,39,26,9,4,3,2.0,92.18,0.0,investment,-0.788,5678,-942.51
SP130,soap,Herbal bath soap #130,2026-04-06,199,181,1.101,above,70,199,delisted,11.0,11,11,9,1,1,4,1.75,90.07,0.0,cost_plus_stale,-2.0,3192,444.99
SP131,soap,Herbal bath soap #131,2026-02-16,219,180,1.219,above,55,179,delisted,6.0,6,7,5,1,1,0,,76.89,0.0,premium,-1.055,7295,223.41
SP132,soap,Herbal bath soap #132,2026-03-16,209,180,1.158,above,68,209,active,,28,249,204,16,29,33,4.15,65.83,0.0,premium,0.487,7855,17227.81
SP133,soap,Herbal bath soap #133,2025-12-29,209,179,1.169,above,40,169,delisted,19.0,19,35,26,6,3,3,3.33,63.76,0.0,premium,-0.925,3755,945.81
SP134,soap,Herbal bath soap #134,2025-11-24,169,178,0.948,at,51,169,delisted,7.0,7,16,13,1,2,3,2.67,66.96,0.0,investment,-0.688,5684,644.96
SP135,soap,Herbal bath soap #135,2026-06-08,149,182,0.817,below,67,149,active,,16,349,295,24,30,47,3.89,73.01,0.0,cost_plus_stale,0.442,7476,7380.42
SP136,soap,Herbal bath soap #136,2025-09-29,159,176,0.903,below,85,179,delisted,7.0,7,1052,886,53,113,124,4.13,139.83,0.0,investment,0.745,6455,-31598.17
SP137,soap,Herbal bath soap #137,2025-09-22,199,176,1.132,above,50,179,delisted,16.0,16,36,32,1,3,6,3.17,70.32,0.0,premium,-0.437,3392,1967.61
SP138,soap,Herbal bath soap #138,2026-07-06,179,183,0.976,at,86,179,active,,12,909,769,48,92,113,4.19,68.83,0.0,market,0.565,7750,41658.83
SP139,soap,Herbal bath soap #139,2026-06-15,179,183,0.98,at,44,179,delisted,12.0,12,15,11,3,1,2,3.0,91.66,0.0,cost_plus_stale,-0.788,5990,51.97
SP140,soap,Herbal bath soap #140,2025-11-24,209,178,1.173,above,41,209,active,,44,624,550,22,52,83,4.57,113.79,0.0,premium,2.0,3579,24809.19
SP141,soap,Herbal bath soap #141,2025-12-08,219,178,1.23,above,50,219,delisted,6.0,6,9,8,0,1,2,4.0,103.31,0.0,cost_plus_stale,0.233,7178,572.11
SP142,soap,Herbal bath soap #142,2025-09-15,179,176,1.019,at,48,179,active,,54,285,232,19,34,40,3.7,64.37,0.0,market,-0.185,6367,13184.95
SP143,soap,Herbal bath soap #143,2025-10-27,169,178,0.95,at,81,179,active,,48,3638,3106,135,397,419,4.24,82.19,13.01,market,1.151,4216,94186.26
SP144,soap,Herbal bath soap #144,2026-06-29,159,183,0.869,below,87,189,active,,13,362,291,32,39,54,3.74,75.42,0.0,investment,-0.262,3446,13857.52
SP145,soap,Herbal bath soap #145,2026-07-13,169,184,0.92,below,57,169,active,,11,33,24,4,5,3,3.33,85.45,0.0,cost_plus_stale,-1.664,4810,360.19
SP146,soap,Herbal bath soap #146,2025-12-08,159,178,0.893,below,71,189,active,,42,1467,1258,68,141,183,4.12,83.0,0.0,investment,0.936,5784,60562.28
SP147,soap,Herbal bath soap #147,2026-01-12,179,179,0.999,at,41,179,delisted,7.0,7,11,7,2,2,1,3.0,84.55,0.0,market,-0.552,6465,42.36
SP148,soap,Herbal bath soap #148,2026-03-02,219,180,1.216,above,62,219,active,,30,144,120,9,15,14,3.86,63.76,0.0,premium,0.34,4485,11312.54
SP149,soap,Herbal bath soap #149,2025-12-08,169,178,0.949,at,57,179,delisted,17.0,17,48,30,11,7,4,2.75,68.48,0.0,market,-1.409,5692,201.51
SP150,soap,Herbal bath soap #150,2026-04-13,179,181,0.989,at,80,179,active,,24,132,109,19,4,17,3.35,75.08,0.0,market,-1.143,5751,3953.63
TS001,tshirt,Cotton round-neck t-shirt #1,2026-04-27,269,317,0.848,below,71,339,active,,22,2230,1706,241,283,300,4.41,123.64,0.0,investment,2.0,11140,141863.72
TS002,tshirt,Cotton round-neck t-shirt #2,2026-03-30,269,317,0.849,below,56,319,active,,26,347,235,76,36,57,3.67,154.1,0.0,investment,0.078,6484,-2328.45
TS003,tshirt,Cotton round-neck t-shirt #3,2026-02-02,329,318,1.035,at,72,319,active,,34,1928,1430,275,223,231,4.09,179.54,0.0,market,1.234,8904,14005.82
TS004,tshirt,Cotton round-neck t-shirt #4,2025-11-10,329,322,1.023,at,72,319,active,,46,2422,1741,390,291,293,4.07,168.75,0.0,market,0.983,3090,5793.96
TS005,tshirt,Cotton round-neck t-shirt #5,2026-02-23,349,317,1.101,above,58,299,active,,31,158,92,49,17,18,3.44,99.07,0.0,premium,-0.967,6730,709.31
TS006,tshirt,Cotton round-neck t-shirt #6,2025-11-03,289,322,0.897,below,55,289,delisted,8.0,8,22,9,11,2,8,2.75,71.41,0.0,investment,-1.175,3140,-546.99
TS007,tshirt,Cotton round-neck t-shirt #7,2026-03-30,269,317,0.849,below,51,329,active,,26,125,88,24,13,20,3.6,103.47,0.0,investment,-0.202,11191,3886.07
TS008,tshirt,Cotton round-neck t-shirt #8,2025-11-10,259,322,0.805,below,49,259,active,,46,235,131,84,20,38,3.11,112.94,0.0,cost_plus_stale,-1.07,9541,-8426.09
TS009,tshirt,Cotton round-neck t-shirt #9,2026-08-03,319,311,1.027,at,54,319,active,,8,20,13,5,2,0,,146.96,0.0,market,-0.523,7358,142.07
TS010,tshirt,Cotton round-neck t-shirt #10,2025-09-08,369,324,1.139,above,72,369,delisted,12.0,12,38,19,16,3,7,2.86,120.79,0.0,premium,-1.032,7097,-324.05
TS011,tshirt,Cotton round-neck t-shirt #11,2026-03-30,309,317,0.975,at,60,309,delisted,21.0,21,66,32,24,10,11,3.0,122.75,0.0,cost_plus_stale,-0.75,4687,-1547.42
TS012,tshirt,Cotton round-neck t-shirt #12,2026-02-23,309,317,0.975,at,70,309,active,,31,219,127,65,27,35,3.29,123.53,0.0,cost_plus_stale,-0.698,7749,-294.48
TS013,tshirt,Cotton round-neck t-shirt #13,2026-06-01,259,315,0.822,below,59,259,delisted,10.0,10,67,27,32,8,6,2.67,137.07,0.0,investment,-1.194,5448,-5615.62
TS014,tshirt,Cotton round-neck t-shirt #14,2025-09-22,329,323,1.018,at,58,329,delisted,9.0,9,18,5,11,2,6,2.67,84.75,0.0,market,-2.0,4101,-1235.62
TS015,tshirt,Cotton round-neck t-shirt #15,2025-10-27,319,323,0.987,at,59,309,active,,48,1103,757,209,137,144,4.01,114.66,0.0,market,0.95,7540,39763.49
TS016,tshirt,Cotton round-neck t-shirt #16,2025-09-22,299,323,0.925,below,65,329,active,,53,1676,1168,285,223,223,3.92,131.31,0.0,investment,0.945,6527,50985.32
TS017,tshirt,Cotton round-neck t-shirt #17,2025-12-01,279,319,0.873,below,92,339,active,,43,2673,1825,518,330,366,3.71,79.89,0.0,investment,0.508,11081,186656.74
TS018,tshirt,Cotton round-neck t-shirt #18,2025-10-13,369,324,1.139,above,60,329,active,,50,247,145,75,27,22,3.23,115.0,0.0,premium,-0.244,11509,3362.27
TS019,tshirt,Cotton round-neck t-shirt #19,2025-11-03,299,322,0.928,below,65,299,delisted,19.0,19,43,20,18,5,3,2.33,117.64,0.0,investment,-1.453,11482,-1897.37
TS020,tshirt,Cotton round-neck t-shirt #20,2026-05-18,309,317,0.976,at,56,319,active,,19,71,49,18,4,10,2.6,88.57,0.0,market,-0.166,8918,3261.42
TS021,tshirt,Cotton round-neck t-shirt #21,2026-07-27,209,311,0.671,below,33,209,active,,9,35,10,22,3,2,2.0,79.5,0.0,cost_plus_stale,-2.0,4501,-3351.03
TS022,tshirt,Cotton round-neck t-shirt #22,2026-03-02,319,318,1.003,at,53,319,active,,30,153,91,34,28,19,3.63,114.7,0.0,market,0.468,5532,2811.97
TS023,tshirt,Cotton round-neck t-shirt #23,2026-03-02,309,318,0.972,at,64,309,active,,30,505,339,97,69,59,3.64,139.58,0.0,cost_plus_stale,0.237,10334,6537.48
TS024,tshirt,Cotton round-neck t-shirt #24,2026-05-04,299,317,0.942,at,65,309,active,,21,148,78,47,23,20,3.45,150.41,0.0,market,-0.732,10310,-5218.48
TS025,tshirt,Cotton round-neck t-shirt #25,2026-07-06,309,312,0.99,at,98,319,active,,12,3161,2396,336,429,426,4.39,107.32,0.0,market,1.879,8701,183265.83
TS026,tshirt,Cotton round-neck t-shirt #26,2025-10-13,279,324,0.861,below,52,329,active,,50,381,267,77,37,60,3.68,113.8,0.0,investment,0.102,3437,13478.89
TS027,tshirt,Cotton round-neck t-shirt #27,2026-04-06,259,318,0.815,below,81,259,active,,25,1221,763,316,142,148,3.28,110.47,0.0,cost_plus_stale,-0.392,11544,-14940.85
TS028,tshirt,Cotton round-neck t-shirt #28,2025-12-22,249,319,0.782,below,64,249,delisted,20.0,20,137,74,47,16,24,2.92,103.28,0.0,cost_plus_stale,-1.796,4611,-4832.93
TS029,tshirt,Cotton round-neck t-shirt #29,2026-04-20,389,317,1.226,above,77,389,active,,23,1154,854,132,168,166,4.33,140.53,0.0,premium,1.785,9231,94687.26
TS030,tshirt,Cotton round-neck t-shirt #30,2026-02-02,309,318,0.972,at,56,309,active,,34,282,171,66,45,31,3.58,115.84,0.0,market,-0.192,4862,4115.03
TS031,tshirt,Cotton round-neck t-shirt #31,2026-05-11,229,317,0.723,below,55,229,delisted,14.0,14,282,140,102,40,44,3.16,97.17,0.0,cost_plus_stale,-0.834,9583,-12768.09
TS032,tshirt,Cotton round-neck t-shirt #32,2026-04-06,289,318,0.909,below,58,289,active,,25,622,445,111,66,82,3.84,148.74,0.0,cost_plus_stale,0.484,9236,668.84
TS033,tshirt,Cotton round-neck t-shirt #33,2026-05-25,319,316,1.008,at,39,319,delisted,10.0,10,16,10,3,3,1,4.0,108.33,0.0,market,-1.337,5118,225.25
TS034,tshirt,Cotton round-neck t-shirt #34,2026-07-13,289,312,0.926,below,42,329,active,,11,26,18,7,1,5,3.6,112.46,0.0,investment,-0.732,11724,537.09
TS035,tshirt,Cotton round-neck t-shirt #35,2025-09-08,279,324,0.861,below,79,329,active,,55,7122,5360,878,884,951,4.29,135.13,0.0,investment,1.825,10956,322227.45
TS036,tshirt,Cotton round-neck t-shirt #36,2026-03-02,399,318,1.255,above,62,399,active,,30,720,540,85,95,105,4.47,171.9,0.0,cost_plus_stale,1.783,10027,51209.57
TS037,tshirt,Cotton round-neck t-shirt #37,2026-01-12,329,318,1.036,at,44,329,delisted,12.0,12,24,14,7,3,4,3.75,123.34,0.0,market,-1.031,11297,180.39
TS038,tshirt,Cotton round-neck t-shirt #38,2026-03-02,239,318,0.752,below,55,239,active,,30,332,202,92,38,53,3.08,90.85,0.0,cost_plus_stale,-0.601,6438,-3869.26
TS039,tshirt,Cotton round-neck t-shirt #39,2026-06-15,309,315,0.982,at,68,309,active,,15,129,82,29,18,19,3.37,108.74,0.0,market,-0.192,9561,2467.8
TS040,tshirt,Cotton round-neck t-shirt #40,2026-04-06,299,318,0.94,at,48,299,delisted,9.0,9,28,16,8,4,5,3.0,126.6,0.0,investment,-0.745,8705,10.63
TS041,tshirt,Cotton round-neck t-shirt #41,2026-04-06,329,318,1.035,at,70,329,active,,25,453,313,88,52,60,3.6,155.56,0.0,cost_plus_stale,0.484,11725,6690.85
TS042,tshirt,Cotton round-neck t-shirt #42,2025-09-29,279,323,0.864,below,58,279,delisted,8.0,8,36,16,18,2,3,1.67,97.63,0.0,investment,-1.845,4145,-1814.5
TS043,tshirt,Cotton round-neck t-shirt #43,2026-03-30,319,317,1.007,at,39,309,delisted,20.0,20,37,19,14,4,6,3.17,87.35,0.0,market,-0.773,11755,487.47
TS044,tshirt,Cotton round-neck t-shirt #44,2025-11-03,279,322,0.866,below,64,329,active,,47,2431,1798,330,303,298,4.26,154.61,0.0,investment,1.46,7041,74217.0
TS045,tshirt,Cotton round-neck t-shirt #45,2025-11-03,309,322,0.959,at,57,309,active,,47,715,516,119,80,80,3.85,114.24,0.0,market,0.675,6196,32280.64
TS046,tshirt,Cotton round-neck t-shirt #46,2026-02-09,279,317,0.879,below,59,279,delisted,29.0,29,298,156,100,42,33,3.45,98.19,0.0,investment,-0.344,5287,-6327.29
TS047,tshirt,Cotton round-neck t-shirt #47,2026-03-16,329,317,1.036,at,61,319,active,,28,75,37,29,9,14,2.86,117.48,0.0,market,-0.568,4475,-1570.04
TS048,tshirt,Cotton round-neck t-shirt #48,2026-04-20,269,317,0.848,below,79,339,active,,23,2114,1535,299,280,255,4.25,147.9,0.0,investment,1.522,7674,75557.43
TS049,tshirt,Cotton round-neck t-shirt #49,2025-11-10,359,322,1.116,above,73,359,active,,46,461,318,99,44,65,3.68,148.81,0.0,cost_plus_stale,0.168,5824,18780.84
TS050,tshirt,Cotton round-neck t-shirt #50,2025-10-27,329,323,1.018,at,62,329,delisted,8.0,8,7,2,2,3,0,,126.85,0.0,market,-1.796,8053,-383.88
TS051,tshirt,Cotton round-neck t-shirt #51,2026-05-04,289,317,0.911,below,73,329,delisted,9.0,9,566,394,107,65,63,3.98,177.98,0.0,investment,0.708,5678,-7117.09
TS052,tshirt,Cotton round-neck t-shirt #52,2025-10-06,209,324,0.645,below,61,209,delisted,8.0,8,1159,822,201,136,166,3.81,87.09,0.0,cost_plus_stale,0.764,4453,-8740.33
TS053,tshirt,Cotton round-neck t-shirt #53,2025-10-13,309,324,0.954,at,71,309,active,,50,2186,1548,361,277,279,3.92,130.52,0.0,market,0.826,10760,62640.13
TS054,tshirt,Cotton round-neck t-shirt #54,2026-05-25,369,316,1.166,above,45,309,delisted,7.0,7,7,3,2,2,1,3.0,102.32,0.0,premium,-0.196,10680,-99.29
TS055,tshirt,Cotton round-neck t-shirt #55,2026-01-12,329,318,1.036,at,43,329,delisted,6.0,6,13,8,4,1,0,,95.38,0.0,market,-0.758,6024,268.55
TS056,tshirt,Cotton round-neck t-shirt #56,2026-07-20,309,312,0.992,at,74,309,active,,10,221,156,41,24,30,3.63,152.33,0.0,market,0.415,10690,1533.67
TS057,tshirt,Cotton round-neck t-shirt #57,2026-08-03,229,311,0.737,below,93,229,active,,8,2696,2015,393,288,353,4.19,96.32,0.0,cost_plus_stale,1.414,7588,18939.62
TS058,tshirt,Cotton round-neck t-shirt #58,2026-04-20,329,317,1.037,at,54,309,active,,23,256,168,52,36,31,3.84,137.42,0.0,market,0.835,9392,3723.55
TS059,tshirt,Cotton round-neck t-shirt #59,2026-04-06,269,318,0.846,below,74,269,delisted,12.0,12,306,181,85,40,39,3.33,126.8,0.0,investment,-0.469,6056,-7374.64
TS060,tshirt,Cotton round-neck t-shirt #60,2026-03-09,319,318,1.004,at,49,319,delisted,8.0,8,16,4,10,2,2,2.5,163.5,0.0,market,-1.033,6156,-2076.22
TS061,tshirt,Cotton round-neck t-shirt #61,2025-12-29,299,318,0.939,below,54,299,delisted,7.0,7,17,8,8,1,5,2.2,140.68,0.0,investment,-1.552,8271,-852.34
TS062,tshirt,Cotton round-neck t-shirt #62,2026-03-23,329,317,1.037,at,73,319,active,,27,2075,1518,336,221,270,4.12,121.8,0.0,market,1.431,10676,103894.51
TS063,tshirt,Cotton round-neck t-shirt #63,2025-12-22,279,319,0.876,below,90,319,active,,40,4444,3125,798,521,581,3.94,137.75,0.0,investment,0.95,10757,96256.94
TS064,tshirt,Cotton round-neck t-shirt #64,2026-04-13,329,318,1.036,at,67,309,active,,24,334,219,80,35,54,3.57,126.82,0.0,market,0.0,5393,7498.46
TS065,tshirt,Cotton round-neck t-shirt #65,2026-08-03,369,311,1.188,above,68,299,active,,8,25,18,6,1,3,2.67,128.88,0.0,premium,-0.21,10926,1044.68
TS066,tshirt,Cotton round-neck t-shirt #66,2025-09-22,319,323,0.987,at,54,319,delisted,8.0,8,32,19,8,5,2,2.0,162.79,0.0,cost_plus_stale,-0.556,9333,-609.02
TS067,tshirt,Cotton round-neck t-shirt #67,2025-09-29,389,323,1.204,above,36,309,delisted,9.0,9,3,2,1,0,0,,118.91,0.0,premium,-2.0,5631,146.95
TS068,tshirt,Cotton round-neck t-shirt #68,2026-07-20,349,312,1.12,above,65,349,active,,10,65,42,15,8,14,3.43,147.08,0.0,cost_plus_stale,0.708,4164,1594.2
TS069,tshirt,Cotton round-neck t-shirt #69,2026-04-20,289,317,0.911,below,49,289,active,,23,261,176,50,35,28,3.89,132.19,0.0,cost_plus_stale,0.419,7073,895.24
TS070,tshirt,Cotton round-neck t-shirt #70,2025-09-22,329,323,1.018,at,98,319,active,,53,10976,8109,1409,1458,1473,4.22,134.33,0.0,market,1.553,8196,397275.91
TS071,tshirt,Cotton round-neck t-shirt #71,2026-07-27,289,311,0.928,below,42,329,active,,9,16,7,9,0,0,,64.43,0.0,investment,-1.494,9916,-363.57
TS072,tshirt,Cotton round-neck t-shirt #72,2025-10-06,339,324,1.046,at,67,309,active,,51,544,353,116,75,67,3.48,144.23,0.0,market,-0.214,7731,2468.57
TS073,tshirt,Cotton round-neck t-shirt #73,2026-03-02,269,318,0.846,below,64,269,active,,30,1430,1003,242,185,192,3.75,121.88,0.0,investment,0.56,10601,857.89
TS074,tshirt,Cotton round-neck t-shirt #74,2026-07-20,309,312,0.992,at,63,299,active,,10,121,81,25,15,12,3.83,111.27,0.0,market,0.201,4279,2293.28
TS075,tshirt,Cotton round-neck t-shirt #75,2026-01-26,379,317,1.195,above,67,319,delisted,20.0,20,23,9,14,0,2,2.5,87.77,0.0,premium,-1.857,5761,-1267.34
TS076,tshirt,Cotton round-neck t-shirt #76,2026-08-03,289,311,0.93,below,68,289,active,,8,116,74,28,14,13,3.23,128.87,0.0,investment,-0.168,8235,-1110.78
TS077,tshirt,Cotton round-neck t-shirt #77,2026-01-05,319,318,1.003,at,74,319,delisted,10.0,10,95,63,22,10,12,3.33,167.33,0.0,market,-0.371,8540,-2560.74
TS078,tshirt,Cotton round-neck t-shirt #78,2025-09-22,279,323,0.863,below,68,329,active,,53,1229,847,240,142,167,3.74,139.17,0.0,investment,0.332,7272,16993.15
TS079,tshirt,Cotton round-neck t-shirt #79,2026-08-03,319,311,1.027,at,47,319,active,,8,60,36,15,9,5,3.8,118.31,0.0,market,0.433,11828,836.47
TS080,tshirt,Cotton round-neck t-shirt #80,2026-02-23,279,317,0.88,below,48,279,active,,31,131,81,40,10,16,3.12,119.45,0.0,cost_plus_stale,-0.275,6133,-1436.65
TS081,tshirt,Cotton round-neck t-shirt #81,2025-11-10,349,322,1.085,above,54,349,active,,46,490,348,86,56,64,3.8,138.26,0.0,premium,0.792,7923,21042.57
TS082,tshirt,Cotton round-neck t-shirt #82,2026-04-13,289,318,0.91,below,64,309,active,,24,1567,1156,207,204,191,4.16,98.82,0.0,investment,1.26,9572,86945.71
TS083,tshirt,Cotton round-neck t-shirt #83,2025-09-01,319,324,0.984,at,73,309,active,,56,1461,965,308,188,184,3.73,79.88,0.0,market,0.201,5898,77376.68
TS084,tshirt,Cotton round-neck t-shirt #84,2025-11-03,329,322,1.022,at,43,329,delisted,11.0,11,17,8,5,4,0,,117.97,0.0,market,-0.973,11722,-244.47
TS085,tshirt,Cotton round-neck t-shirt #85,2025-09-08,399,324,1.232,above,48,319,delisted,8.0,8,7,4,2,1,1,1.0,150.83,0.0,premium,-0.597,11171,-18.06
TS086,tshirt,Cotton round-neck t-shirt #86,2025-11-17,319,321,0.992,at,85,309,active,,45,1388,893,306,189,157,3.6,126.56,0.0,market,-0.108,5098,16732.83
TS087,tshirt,Cotton round-neck t-shirt #87,2026-02-16,309,317,0.974,at,44,309,delisted,7.0,7,8,5,2,1,1,1.0,134.9,0.0,cost_plus_stale,-1.727,5951,96.93
TS088,tshirt,Cotton round-neck t-shirt #88,2025-09-22,279,323,0.863,below,80,329,active,,53,1334,869,306,159,161,3.57,116.83,0.0,investment,-0.118,3999,31295.64
TS089,tshirt,Cotton round-neck t-shirt #89,2026-05-04,299,317,0.942,at,68,299,active,,21,668,453,130,85,90,3.98,134.81,0.0,cost_plus_stale,0.365,5158,7080.28
TS090,tshirt,Cotton round-neck t-shirt #90,2026-06-08,309,315,0.982,at,63,309,active,,16,344,240,64,40,43,3.7,129.62,0.0,market,0.472,11493,4803.3
TS091,tshirt,Cotton round-neck t-shirt #91,2026-04-27,299,317,0.943,at,51,299,delisted,6.0,6,13,4,8,1,3,2.67,80.93,0.0,market,-1.144,10574,-816.55
TS092,tshirt,Cotton round-neck t-shirt #92,2025-09-15,309,324,0.955,at,40,309,active,,54,250,157,61,32,30,3.67,130.72,0.0,cost_plus_stale,0.255,9504,1294.84
TS093,tshirt,Cotton round-neck t-shirt #93,2026-07-27,319,311,1.025,at,53,319,delisted,7.0,7,18,7,9,2,3,1.67,110.95,0.0,market,-0.939,3507,-872.83
TS094,tshirt,Cotton round-neck t-shirt #94,2026-03-30,329,317,1.038,at,73,309,active,,26,851,597,141,113,110,3.91,111.41,0.0,market,0.739,11000,40730.24
TS095,tshirt,Cotton round-neck t-shirt #95,2026-01-26,299,317,0.943,at,70,299,active,,35,4420,3385,524,511,541,4.31,146.58,0.0,cost_plus_stale,1.786,4953,98934.47
TS096,tshirt,Cotton round-neck t-shirt #96,2025-10-27,339,323,1.049,at,48,309,active,,48,634,429,128,77,86,3.84,138.03,0.0,market,0.625,7600,9942.48
TS097,tshirt,Cotton round-neck t-shirt #97,2025-11-24,359,321,1.118,above,51,319,active,,44,299,207,60,32,49,3.49,139.0,0.0,premium,0.528,9838,5882.62
TS098,tshirt,Cotton round-neck t-shirt #98,2026-04-13,229,318,0.721,below,63,229,active,,24,172,101,42,29,23,2.7,96.68,0.0,cost_plus_stale,-1.456,8564,-4264.24
TS099,tshirt,Cotton round-neck t-shirt #99,2026-08-03,299,311,0.963,at,61,299,active,,8,63,45,10,8,9,3.33,119.01,0.0,market,-0.428,3754,1820.54
TS100,tshirt,Cotton round-neck t-shirt #100,2026-08-03,399,311,1.285,above,90,399,active,,8,21,7,10,4,1,3.0,173.72,0.0,cost_plus_stale,-0.914,4808,-1420.97
TS101,tshirt,Cotton round-neck t-shirt #101,2026-03-02,329,318,1.035,at,59,319,delisted,15.0,15,61,32,25,4,13,2.92,103.58,0.0,market,-0.765,11466,-520.51
TS102,tshirt,Cotton round-neck t-shirt #102,2026-07-20,329,312,1.056,at,76,319,active,,10,144,98,28,18,22,4.0,111.57,0.0,market,-0.225,3640,6614.2
TS103,tshirt,Cotton round-neck t-shirt #103,2026-04-06,389,318,1.223,above,41,299,delisted,12.0,12,19,4,15,0,1,2.0,109.26,0.0,premium,-2.0,5917,-2357.08
TS104,tshirt,Cotton round-neck t-shirt #104,2026-04-13,369,318,1.162,above,77,369,active,,24,151,84,46,21,21,3.14,126.09,0.0,premium,-0.311,4667,3278.91
TS105,tshirt,Cotton round-neck t-shirt #105,2026-02-09,279,317,0.879,below,77,279,delisted,16.0,16,392,228,114,50,54,3.28,110.56,0.0,cost_plus_stale,-0.753,8312,-3803.17
TS106,tshirt,Cotton round-neck t-shirt #106,2025-09-15,319,324,0.986,at,74,319,active,,54,2161,1510,383,268,266,3.94,128.37,0.0,cost_plus_stale,0.665,7942,72327.94
TS107,tshirt,Cotton round-neck t-shirt #107,2026-03-30,299,317,0.944,at,87,309,active,,26,4996,3793,675,528,699,4.26,109.73,0.0,market,1.707,5397,240324.88
TS108,tshirt,Cotton round-neck t-shirt #108,2025-11-24,279,321,0.869,below,44,339,active,,44,176,108,44,24,16,3.69,109.28,0.0,investment,-0.078,11683,4371.22
TS109,tshirt,Cotton round-neck t-shirt #109,2025-09-15,279,324,0.862,below,59,279,active,,54,1937,1343,341,253,250,3.88,113.21,0.0,cost_plus_stale,0.754,7095,34597.4
TS110,tshirt,Cotton round-neck t-shirt #110,2025-12-29,249,318,0.782,below,70,249,active,,39,6884,4982,920,982,867,4.25,109.3,0.0,cost_plus_stale,1.519,5646,62012.1
TS111,tshirt,Cotton round-neck t-shirt #111,2025-09-29,329,323,1.018,at,70,309,active,,52,2301,1595,409,297,308,3.94,138.59,0.0,market,0.816,9191,40980.67
TS112,tshirt,Cotton round-neck t-shirt #112,2025-09-08,389,324,1.201,above,63,319,delisted,17.0,17,43,26,13,4,5,2.2,130.8,0.0,premium,-1.028,6869,-162.01
TS113,tshirt,Cotton round-neck t-shirt #113,2026-07-20,269,312,0.863,below,56,269,active,,10,57,32,18,7,5,2.6,90.9,0.0,investment,-0.344,6026,-415.03
TS114,tshirt,Cotton round-neck t-shirt #114,2026-04-20,309,317,0.974,at,68,309,active,,23,823,592,130,101,110,3.94,134.27,0.0,cost_plus_stale,0.714,10926,23317.96
TS115,tshirt,Cotton round-neck t-shirt #115,2026-02-02,289,318,0.91,below,70,339,active,,34,353,212,92,49,40,3.35,83.66,0.0,investment,-0.396,9272,12704.88
TS116,tshirt,Cotton round-neck t-shirt #116,2026-04-06,279,318,0.877,below,62,339,active,,25,347,207,87,53,44,3.75,96.66,0.0,investment,0.561,9423,10783.68
TS117,tshirt,Cotton round-neck t-shirt #117,2026-03-02,319,318,1.003,at,50,319,delisted,7.0,7,21,10,9,2,3,2.0,94.28,0.0,market,-0.981,4396,-653.2
TS118,tshirt,Cotton round-neck t-shirt #118,2026-02-09,319,317,1.005,at,55,319,active,,33,119,70,38,11,17,3.35,141.18,0.0,market,-0.364,7779,-2062.0
TS119,tshirt,Cotton round-neck t-shirt #119,2026-05-18,309,317,0.976,at,52,309,active,,19,58,32,14,12,8,3.12,120.61,0.0,market,-1.315,11710,-144.44
TS120,tshirt,Cotton round-neck t-shirt #120,2025-12-15,329,319,1.032,at,60,329,delisted,8.0,8,17,8,5,4,0,,99.34,0.0,market,-1.063,11770,72.59
TS121,tshirt,Cotton round-neck t-shirt #121,2025-11-10,279,322,0.867,below,55,279,delisted,19.0,19,142,92,32,18,10,3.0,237.68,0.0,investment,0.061,10391,-11229.71
TS122,tshirt,Cotton round-neck t-shirt #122,2026-03-30,419,317,1.322,above,91,419,active,,26,810,569,130,111,121,3.92,183.08,0.0,cost_plus_stale,1.044,8675,49395.45
TS123,tshirt,Cotton round-neck t-shirt #123,2025-12-01,319,319,0.999,at,65,319,active,,43,3544,2657,426,461,412,4.35,112.33,0.0,market,1.867,5537,196534.53
TS124,tshirt,Cotton round-neck t-shirt #124,2025-10-27,319,323,0.987,at,98,319,active,,48,5957,4194,1000,763,800,3.88,161.24,0.0,market,0.828,7128,44115.49
TS125,tshirt,Cotton round-neck t-shirt #125,2025-09-22,369,323,1.141,above,78,369,active,,53,1027,665,231,131,126,3.74,109.4,0.0,premium,0.341,10012,53798.56
TS126,tshirt,Cotton round-neck t-shirt #126,2026-06-08,329,315,1.045,at,62,319,active,,16,436,311,80,45,52,3.9,142.12,0.0,market,1.173,7495,13340.58
TS127,tshirt,Cotton round-neck t-shirt #127,2026-05-11,269,317,0.849,below,75,269,delisted,7.0,7,201,114,58,29,27,3.04,175.82,0.0,investment,-0.4,7815,-12660.53
TS128,tshirt,Cotton round-neck t-shirt #128,2025-11-17,299,321,0.93,below,56,299,active,,45,332,218,72,42,42,3.43,134.73,0.0,cost_plus_stale,0.013,9605,1732.4
TS129,tshirt,Cotton round-neck t-shirt #129,2026-03-02,239,318,0.752,below,72,239,delisted,6.0,6,584,376,127,81,75,3.56,108.62,0.0,cost_plus_stale,0.151,4668,-8829.76
TS130,tshirt,Cotton round-neck t-shirt #130,2026-04-13,379,318,1.193,above,49,319,delisted,11.0,11,17,10,2,5,1,1.0,91.18,0.0,premium,-0.435,11985,1253.49
TS131,tshirt,Cotton round-neck t-shirt #131,2026-06-29,309,314,0.984,at,64,319,active,,13,177,121,32,24,22,3.41,93.32,0.0,market,0.382,3839,8739.69
TS132,tshirt,Cotton round-neck t-shirt #132,2025-10-13,329,324,1.016,at,67,309,active,,50,241,130,73,38,35,3.03,106.14,0.0,market,-0.637,10532,957.14
TS133,tshirt,Cotton round-neck t-shirt #133,2025-12-22,269,319,0.844,below,76,269,active,,40,1255,790,289,176,164,3.41,115.22,0.0,investment,-0.141,10422,-7361.25
TS134,tshirt,Cotton round-neck t-shirt #134,2025-10-06,389,324,1.2,above,51,319,delisted,20.0,20,65,44,12,9,3,3.33,167.47,0.0,premium,-0.253,11722,419.01
TS135,tshirt,Cotton round-neck t-shirt #135,2026-06-15,299,315,0.951,at,68,299,active,,15,738,526,114,98,89,3.97,140.0,0.0,market,1.087,3513,9921.12
TS136,tshirt,Cotton round-neck t-shirt #136,2026-08-03,299,311,0.963,at,73,299,active,,8,79,52,20,7,9,3.33,129.6,0.0,market,-0.679,8988,-168.99
TS137,tshirt,Cotton round-neck t-shirt #137,2026-02-16,319,317,1.006,at,67,319,delisted,13.0,13,30,12,14,4,6,2.67,105.75,0.0,market,-2.0,8700,-1293.02
TS138,tshirt,Cotton round-neck t-shirt #138,2026-06-22,349,314,1.111,above,78,349,active,,14,998,727,121,150,120,4.17,145.25,0.0,premium,1.654,8385,47965.0
TS139,tshirt,Cotton round-neck t-shirt #139,2025-10-06,319,324,0.984,at,64,319,delisted,6.0,6,29,13,11,5,5,1.8,102.99,0.0,market,-2.0,10635,-955.43
TS140,tshirt,Cotton round-neck t-shirt #140,2026-04-27,289,317,0.911,below,47,339,active,,22,211,143,38,30,33,3.73,152.89,0.0,investment,0.902,8487,1706.96
TS141,tshirt,Cotton round-neck t-shirt #141,2025-12-22,269,319,0.844,below,69,269,delisted,22.0,22,198,109,66,23,32,2.78,118.87,0.0,investment,-1.035,4115,-6008.64
TS142,tshirt,Cotton round-neck t-shirt #142,2026-05-25,329,316,1.04,at,86,319,active,,18,2556,1834,339,383,329,4.23,114.56,0.0,market,1.661,3517,135917.0
TS143,tshirt,Cotton round-neck t-shirt #143,2026-08-03,319,311,1.027,at,62,319,active,,8,18,9,5,4,2,2.0,112.15,0.0,market,-0.784,8970,-22.23
TS144,tshirt,Cotton round-neck t-shirt #144,2026-05-04,319,317,1.006,at,52,309,active,,21,427,305,67,55,61,4.15,85.02,0.0,market,0.961,8251,27738.45
TS145,tshirt,Cotton round-neck t-shirt #145,2025-09-29,279,323,0.864,below,70,279,delisted,36.0,36,161,71,62,28,26,2.62,104.15,0.0,investment,-1.457,6065,-6333.51
TS146,tshirt,Cotton round-neck t-shirt #146,2026-06-29,349,314,1.112,above,62,309,delisted,8.0,8,11,5,1,5,0,,104.17,0.0,premium,-1.493,5360,224.85
TS147,tshirt,Cotton round-neck t-shirt #147,2025-09-08,329,324,1.016,at,67,319,active,,55,1463,977,295,191,175,3.87,157.12,0.0,market,0.537,9745,1311.06
TS148,tshirt,Cotton round-neck t-shirt #148,2025-09-08,289,324,0.892,below,88,339,active,,55,8239,6346,1039,854,1119,4.3,140.99,0.0,investment,1.695,5722,426284.99
TS149,tshirt,Cotton round-neck t-shirt #149,2025-10-27,329,323,1.018,at,66,309,active,,48,845,574,149,122,119,3.81,168.31,0.0,market,0.771,9626,-3200.52
TS150,tshirt,Cotton round-neck t-shirt #150,2026-02-09,279,317,0.879,below,55,279,delisted,15.0,15,40,16,18,6,5,2.2,122.79,0.0,investment,-2.0,9660,-2589.98
